iter,policy,opponent,stack_bb,hands,bb_per_100,ci95,fold_pct,shove_pct,trash_shove_pct
300,adv,Random,50,4000,124.78,67.05,89.63,2.12,0.63
300,adv,Random,25,4000,22.89,35.44,86.34,2.70,1.70
300,adv,CallStation,50,4000,379.09,151.97,41.11,6.81,1.69
300,adv,CallStation,25,4000,186.50,88.95,35.29,10.03,4.31
300,adv,Maniac,50,4000,5.55,51.07,96.21,0.15,0.03
300,adv,Maniac,25,4000,28.69,36.96,95.16,0.39,0.33
300,adv,TAG,50,4000,6.66,31.94,32.93,1.77,1.08
300,adv,TAG,25,4000,22.33,21.20,34.85,3.53,2.47
310,adv,Random,50,4000,96.25,88.30,77.79,6.92,5.28
310,adv,Random,25,4000,11.22,37.75,82.54,4.99,3.83
310,adv,CallStation,50,4000,426.96,193.43,39.17,14.21,3.28
310,adv,CallStation,25,4000,65.14,105.69,34.21,19.48,8.52
310,adv,Maniac,50,4000,42.20,72.46,92.41,0.14,0.00
310,adv,Maniac,25,4000,21.57,36.92,93.15,0.29,0.37
310,adv,TAG,50,4000,-58.41,53.81,29.84,7.20,0.70
310,adv,TAG,25,4000,-16.01,30.87,33.40,9.81,3.05
320,adv,Random,50,4000,112.98,56.67,94.67,2.31,0.80
320,adv,Random,25,4000,47.79,29.70,95.04,1.69,0.34
320,adv,CallStation,50,4000,97.62,144.84,61.73,12.30,3.42
320,adv,CallStation,25,4000,64.22,75.23,59.57,11.76,3.21
320,adv,Maniac,50,4000,12.10,44.53,98.78,0.02,0.00
320,adv,Maniac,25,4000,34.25,32.22,97.91,0.12,0.00
320,adv,TAG,50,4000,-41.34,46.73,43.82,8.78,4.16
320,adv,TAG,25,4000,-61.53,27.57,41.70,10.80,3.72
330,adv,Random,50,4000,110.00,52.07,95.30,1.64,0.27
330,adv,Random,25,4000,40.83,26.34,93.88,1.60,0.43
330,adv,CallStation,50,4000,192.37,149.65,59.88,11.77,3.16
330,adv,CallStation,25,4000,102.69,78.37,57.22,11.65,3.41
330,adv,Maniac,50,4000,1.60,40.88,98.43,0.12,0.00
330,adv,Maniac,25,4000,48.77,35.86,96.43,0.20,0.07
330,adv,TAG,50,4000,-67.14,35.24,43.80,4.07,0.87
330,adv,TAG,25,4000,-44.91,23.74,37.61,4.64,0.36
